id,time
79,0.0048542022705078125
159,0.004706859588623047
239,0.004105567932128906
319,0.004526376724243164
399,0.005213022232055664
479,0.005250453948974609
559,0.003884553909301758
639,0.0050601959228515625
719,0.0055196285247802734
799,0.005103111267089844
879,0.004822254180908203
959,0.004103422164916992
