id,time
79,0.11188006401062012
159,0.15741276741027832
239,0.11713743209838867
319,0.1672801971435547
399,0.11471295356750488
479,0.11394906044006348
559,0.1064300537109375
639,0.10736322402954102
719,0.10071301460266113
799,0.10976386070251465
879,0.15871119499206543
959,0.1378030776977539
