{"user get bookmarks": {"count": 1000, "time": 2.104926824569702}, "user get likes": {"count": 1000, "time": 2.0790610313415527}, "movie get score": {"count": 1000, "time": 2.0942530632019043}, "movie get likes": {"count": 1000, "time": 2.429664134979248}}