{"user get bookmarks": {"count": 1000, "time": 1.4503226280212402}, "user get likes": {"count": 1000, "time": 1.2975146770477295}, "movie get score": {"count": 1000, "time": 1.428391695022583}, "movie get likes": {"count": 1000, "time": 1.4064502716064453}}