{"user get bookmarks": {"count": 100000, "time": 170.57489609718323}, "user get likes": {"count": 100000, "time": 150.25779056549072}, "movie get score": {"count": 100000, "time": 169.50927305221558}, "movie get likes": {"count": 100000, "time": 173.15391755104065}}