{"user get bookmarks": {"count": 100000, "time": 237.7235984802246}, "user get likes": {"count": 100000, "time": 370.1273283958435}, "movie get score": {"count": 100000, "time": 239.01766681671143}, "movie get likes": {"count": 100000, "time": 259.3397579193115}}